State,Year,Transaction_Name,Transaction_count,Transaction_amount
Andaman and Nicobar Islands,2018,Financial Services,163,209454.7254758251
Andaman and Nicobar Islands,2018,Merchant payments,3267,6656385.756983974
Andaman and Nicobar Islands,2018,Others,1158,1327137.8264491647
Andaman and Nicobar Islands,2018,Peer-to-peer payments,22345,166922819.05068445
Andaman and Nicobar Islands,2018,Recharge & bill payments,31088,13960306.579112193
Andaman and Nicobar Islands,2019,Financial Services,296,684324.5046776269
Andaman and Nicobar Islands,2019,Merchant payments,12229,17644977.526329868
Andaman and Nicobar Islands,2019,Others,1075,1664368.2253759364
Andaman and Nicobar Islands,2019,Peer-to-peer payments,59495,421906749.9459152
Andaman and Nicobar Islands,2019,Recharge & bill payments,60009,31564336.75152623
Andaman and Nicobar Islands,2020,Financial Services,1778,3757547.550651199
Andaman and Nicobar Islands,2020,Merchant payments,83915,96539708.47717184
Andaman and Nicobar Islands,2020,Others,3304,2693239.720533413
Andaman and Nicobar Islands,2020,Peer-to-peer payments,160763,1106456632.44026
Andaman and Nicobar Islands,2020,Recharge & bill payments,196514,86976288.16801834
Andaman and Nicobar Islands,2021,Financial Services,4552,8996851.20813454
Andaman and Nicobar Islands,2021,Merchant payments,466737,682148030.40855
Andaman and Nicobar Islands,2021,Others,7787,6509404.991946144
Andaman and Nicobar Islands,2021,Peer-to-peer payments,716329,4036493940.9169664
Andaman and Nicobar Islands,2021,Recharge & bill payments,476648,191339853.1017153
Andaman and Nicobar Islands,2022,Financial Services,7518,10659836.623756923
Andaman and Nicobar Islands,2022,Merchant payments,2406479,2480734026.544963
Andaman and Nicobar Islands,2022,Others,12920,10741291.404672846
Andaman and Nicobar Islands,2022,Peer-to-peer payments,2171230,9246803318.572693
Andaman and Nicobar Islands,2022,Recharge & bill payments,839732,361318255.5755205
Andaman and Nicobar Islands,2023,Financial Services,6872,11568791.0
Andaman and Nicobar Islands,2023,Merchant payments,4190564,3458507423.0
Andaman and Nicobar Islands,2023,Others,10143,8801438.0
Andaman and Nicobar Islands,2023,Peer-to-peer payments,2944083,10721805389.0
Andaman and Nicobar Islands,2023,Recharge & bill payments,930881,462786573.0
Andhra Pradesh,2018,Financial Services,1211087,231728758.55529416
Andhra Pradesh,2018,Merchant payments,4815066,3040946007.1762133
Andhra Pradesh,2018,Others,1455713,1215178426.3788702
Andhra Pradesh,2018,Peer-to-peer payments,41504323,110726013552.87888
Andhra Pradesh,2018,Recharge & bill payments,28792923,6858147925.523041
Andhra Pradesh,2019,Financial Services,789567,130351629.07369262
Andhra Pradesh,2019,Merchant payments,55974376,28400639378.62382
Andhra Pradesh,2019,Others,1562174,1161068783.683234
Andhra Pradesh,2019,Peer-to-peer payments,166120392,484681174354.93256
Andhra Pradesh,2019,Recharge & bill payments,72733745,23418140272.57815
Andhra Pradesh,2020,Financial Services,724737,750257829.50139
Andhra Pradesh,2020,Merchant payments,202021804,148622386673.7519
Andhra Pradesh,2020,Others,1238407,736752067.7511024
Andhra Pradesh,2020,Peer-to-peer payments,397857749,1458921204981.9297
Andhra Pradesh,2020,Recharge & bill payments,161774002,68215979100.93192
Andhra Pradesh,2021,Financial Services,923714,1165775879.3800936
Andhra Pradesh,2021,Merchant payments,576625412,430373933715.0534
Andhra Pradesh,2021,Others,2004364,1530020373.1673124
Andhra Pradesh,2021,Peer-to-peer payments,822215384,3126657566983.876
Andhra Pradesh,2021,Recharge & bill payments,195032783,103937354981.4812
Andhra Pradesh,2022,Financial Services,818051,1060085809.7743442
Andhra Pradesh,2022,Merchant payments,1147227641,789663018618.5854
Andhra Pradesh,2022,Others,1777761,1494580783.735336
Andhra Pradesh,2022,Peer-to-peer payments,1224388903,4631452220985.94
Andhra Pradesh,2022,Recharge & bill payments,212397697,160307181313.5737
Andhra Pradesh,2023,Financial Services,966267,1184095690.0
Andhra Pradesh,2023,Merchant payments,1925248864,1056251720691.0
Andhra Pradesh,2023,Others,1202736,1249768790.0
Andhra Pradesh,2023,Peer-to-peer payments,1711588893,6088570968573.0
Andhra Pradesh,2023,Recharge & bill payments,287347071,261247947800.0
Arunachal Pradesh,2018,Financial Services,2043,595387.3126647631
Arunachal Pradesh,2018,Merchant payments,15884,24643996.302092616
Arunachal Pradesh,2018,Others,8294,8167551.124418727
Arunachal Pradesh,2018,Peer-to-peer payments,157706,1041403760.60506
Arunachal Pradesh,2018,Recharge & bill payments,251302,52313268.840371296
Arunachal Pradesh,2019,Financial Services,1701,670752.665353499
Arunachal Pradesh,2019,Merchant payments,62711,66053462.29789399
Arunachal Pradesh,2019,Others,10419,13451662.551853767
Arunachal Pradesh,2019,Peer-to-peer payments,511338,3213967608.0325813
Arunachal Pradesh,2019,Recharge & bill payments,728702,171680709.4444484
Arunachal Pradesh,2020,Financial Services,5290,9415572.440025069
Arunachal Pradesh,2020,Merchant payments,306473,319828123.4629395
Arunachal Pradesh,2020,Others,11284,11456141.145187493
Arunachal Pradesh,2020,Peer-to-peer payments,1343727,8510915084.237163
Arunachal Pradesh,2020,Recharge & bill payments,1881131,537063180.4336318
Arunachal Pradesh,2021,Financial Services,7460,12715642.374353945
Arunachal Pradesh,2021,Merchant payments,1235446,1642732214.4036448
Arunachal Pradesh,2021,Others,16915,15491817.183361724
Arunachal Pradesh,2021,Peer-to-peer payments,3542859,18517785934.172165
Arunachal Pradesh,2021,Recharge & bill payments,2240679,703113615.7876654
Arunachal Pradesh,2022,Financial Services,10133,15971889.068133183
Arunachal Pradesh,2022,Merchant payments,4850450,5255518232.488116
Arunachal Pradesh,2022,Others,21345,16112256.589693585
Arunachal Pradesh,2022,Peer-to-peer payments,7373373,29431218697.099277
Arunachal Pradesh,2022,Recharge & bill payments,2677819,950956409.6188693
Arunachal Pradesh,2023,Financial Services,12359,23491556.0
Arunachal Pradesh,2023,Merchant payments,12466134,10731422859.0
Arunachal Pradesh,2023,Others,19552,15408725.0
Arunachal Pradesh,2023,Peer-to-peer payments,14652757,45217817254.0
Arunachal Pradesh,2023,Recharge & bill payments,4054944,1339527810.0
Assam,2018,Financial Services,91657,23061403.2067323
Assam,2018,Merchant payments,946614,445215202.35252315
Assam,2018,Others,202164,132369415.3977328
Assam,2018,Peer-to-peer payments,2971466,11766752413.695467
Assam,2018,Recharge & bill payments,4594876,840149006.0251889
Assam,2019,Financial Services,52043,18545387.957872625
Assam,2019,Merchant payments,2126298,1471187760.8402107
Assam,2019,Others,217658,170347539.10126287
Assam,2019,Peer-to-peer payments,10205762,43245813856.09161
Assam,2019,Recharge & bill payments,10089254,2283601697.5246706
Assam,2020,Financial Services,84705,85952106.19682121
Assam,2020,Merchant payments,5310460,5383839365.169039
Assam,2020,Others,237607,153544154.56532234
Assam,2020,Peer-to-peer payments,20883497,98995678451.28856
Assam,2020,Recharge & bill payments,20618955,5873716975.237227
Assam,2021,Financial Services,183923,196743345.2035352
Assam,2021,Merchant payments,28348927,30159486080.180027
Assam,2021,Others,487109,266196435.07391033
Assam,2021,Peer-to-peer payments,58129049,247930916399.4876
Assam,2021,Recharge & bill payments,37320759,11851062829.364178
Assam,2022,Financial Services,258697,267649899.5112337
Assam,2022,Merchant payments,125930661,107990195044.58527
Assam,2022,Others,613469,325016966.3658864
Assam,2022,Peer-to-peer payments,142864713,510643366973.9166
Assam,2022,Recharge & bill payments,55652149,20307849337.551945
Assam,2023,Financial Services,269417,290305993.0
Assam,2023,Merchant payments,193517074,136465274792.0
Assam,2023,Others,293160,210130320.0
Assam,2023,Peer-to-peer payments,173051266,534348939405.0
Assam,2023,Recharge & bill payments,52496025,20208319762.0
Bihar,2018,Financial Services,973485,148807833.93915355
Bihar,2018,Merchant payments,2717898,1674976832.3509433
Bihar,2018,Others,1000149,1038336318.2922952
Bihar,2018,Peer-to-peer payments,22488047,62356988677.22676
Bihar,2018,Recharge & bill payments,17377306,2866581167.3590727
Bihar,2019,Financial Services,524481,130899069.46139684
Bihar,2019,Merchant payments,19146315,10924207516.72648
Bihar,2019,Others,1098235,1087922300.1475701
Bihar,2019,Peer-to-peer payments,74428450,245377770818.47147
Bihar,2019,Recharge & bill payments,36789446,8120675925.349433
Bihar,2020,Financial Services,353903,260173814.84016216
Bihar,2020,Merchant payments,56362576,48620426927.52668
Bihar,2020,Others,1087837,586328934.1690853
Bihar,2020,Peer-to-peer payments,136463003,578267298717.2006
Bihar,2020,Recharge & bill payments,72296659,22563627010.644745
Bihar,2021,Financial Services,596114,532743544.60315686
Bihar,2021,Merchant payments,238733619,209208927133.64328
Bihar,2021,Others,2091169,993169133.543909
Bihar,2021,Peer-to-peer payments,347387097,1316951196424.0068
Bihar,2021,Recharge & bill payments,114526158,44302243677.18375
Bihar,2022,Financial Services,679443,625488571.838547
Bihar,2022,Merchant payments,715232544,532728926658.30054
Bihar,2022,Others,2483877,1081931059.5928807
Bihar,2022,Peer-to-peer payments,719997309,2483090776330.6865
Bihar,2022,Recharge & bill payments,160594324,75804664309.6153
Bihar,2023,Financial Services,676699,626287160.0
Bihar,2023,Merchant payments,944145095,596104341804.0
Bihar,2023,Others,1665558,729766473.0
Bihar,2023,Peer-to-peer payments,851073496,2725014070235.0
Bihar,2023,Recharge & bill payments,168442192,91002603028.0
Chandigarh,2018,Financial Services,38050,8887193.047460856
Chandigarh,2018,Merchant payments,256301,180456817.61963895
Chandigarh,2018,Others,59316,59503658.70414592
Chandigarh,2018,Peer-to-peer payments,1056582,4374784414.050397
Chandigarh,2018,Recharge & bill payments,972782,352972638.50499624
Chandigarh,2019,Financial Services,17360,3206013.4215095853
Chandigarh,2019,Merchant payments,1456494,795225766.7306243
Chandigarh,2019,Others,86892,48520743.13328292
Chandigarh,2019,Peer-to-peer payments,2944332,10865737090.621225
Chandigarh,2019,Recharge & bill payments,1379326,798654441.082034
Chandigarh,2020,Financial Services,9360,15042668.512025781
Chandigarh,2020,Merchant payments,3274398,2313196029.2303886
Chandigarh,2020,Others,54325,27333254.41757619
Chandigarh,2020,Peer-to-peer payments,3995462,16765097788.767525
Chandigarh,2020,Recharge & bill payments,1527778,1089371313.4931722
Chandigarh,2021,Financial Services,23351,33515612.56198173
Chandigarh,2021,Merchant payments,10961740,7888012729.905306
Chandigarh,2021,Others,76509,53066237.01399714
Chandigarh,2021,Peer-to-peer payments,8367621,31995929570.67353
Chandigarh,2021,Recharge & bill payments,3506844,2233037164.639045
Chandigarh,2022,Financial Services,33547,44401999.12139723
Chandigarh,2022,Merchant payments,28484839,18468255881.79336
Chandigarh,2022,Others,84639,58106410.64176447
Chandigarh,2022,Peer-to-peer payments,16877425,58501749766.09604
Chandigarh,2022,Recharge & bill payments,5275543,3825489954.9037013
Chandigarh,2023,Financial Services,27181,43767135.0
Chandigarh,2023,Merchant payments,23058081,11535332889.0
Chandigarh,2023,Others,33514,28152375.0
Chandigarh,2023,Peer-to-peer payments,9093532,28532560118.0
Chandigarh,2023,Recharge & bill payments,2209149,2526273938.0
Chhattisgarh,2018,Financial Services,147427,32661555.49488163
Chhattisgarh,2018,Merchant payments,839512,646861319.9362156
Chhattisgarh,2018,Others,328405,256912156.24328786
Chhattisgarh,2018,Peer-to-peer payments,5446362,19639407371.053463
Chhattisgarh,2018,Recharge & bill payments,7171412,1556203336.0883667
Chhattisgarh,2019,Financial Services,87824,18521808.040856957
Chhattisgarh,2019,Merchant payments,8818717,3824333960.2189574
Chhattisgarh,2019,Others,357313,264941768.9118506
Chhattisgarh,2019,Peer-to-peer payments,20682041,68524110331.00456
Chhattisgarh,2019,Recharge & bill payments,15880588,3862052110.641429
Chhattisgarh,2020,Financial Services,108611,112416454.34064448
Chhattisgarh,2020,Merchant payments,25351290,16983633896.199364
Chhattisgarh,2020,Others,350321,207526175.26571625
Chhattisgarh,2020,Peer-to-peer payments,39317765,141549132892.53873
Chhattisgarh,2020,Recharge & bill payments,32895104,10017989551.39579
Chhattisgarh,2021,Financial Services,171662,195309440.90210676
Chhattisgarh,2021,Merchant payments,98670842,72679352638.85794
Chhattisgarh,2021,Others,608299,399351375.82479
Chhattisgarh,2021,Peer-to-peer payments,92255076,300457831856.58655
Chhattisgarh,2021,Recharge & bill payments,41375410,15411987990.195776
Chhattisgarh,2022,Financial Services,213918,245080177.44467458
Chhattisgarh,2022,Merchant payments,291091739,186480111687.1171
Chhattisgarh,2022,Others,745410,516532719.5894797
Chhattisgarh,2022,Peer-to-peer payments,201092089,596628902880.7544
Chhattisgarh,2022,Recharge & bill payments,57067217,27838834046.17059
Chhattisgarh,2023,Financial Services,245658,287498439.0
Chhattisgarh,2023,Merchant payments,415186427,232438339470.0
Chhattisgarh,2023,Others,583408,440059622.0
Chhattisgarh,2023,Peer-to-peer payments,260700002,715581727477.0
Chhattisgarh,2023,Recharge & bill payments,71457755,35877837731.0
Dadra and Nagar Haveli and Daman and Diu,2018,Financial Services,8833,1406300.232880853
Dadra and Nagar Haveli and Daman and Diu,2018,Merchant payments,28279,31537231.59967175
Dadra and Nagar Haveli and Daman and Diu,2018,Others,19062,20548238.29442904
Dadra and Nagar Haveli and Daman and Diu,2018,Peer-to-peer payments,427374,1392742786.122863
Dadra and Nagar Haveli and Daman and Diu,2018,Recharge & bill payments,561284,137884811.9945859
Dadra and Nagar Haveli and Daman and Diu,2019,Financial Services,3945,1069020.917084217
Dadra and Nagar Haveli and Daman and Diu,2019,Merchant payments,211849,113856221.60379392
Dadra and Nagar Haveli and Daman and Diu,2019,Others,21248,19209974.349944953
Dadra and Nagar Haveli and Daman and Diu,2019,Peer-to-peer payments,1227007,3364846760.7326646
Dadra and Nagar Haveli and Daman and Diu,2019,Recharge & bill payments,1095143,356941810.870896
Dadra and Nagar Haveli and Daman and Diu,2020,Financial Services,6582,4874874.945601562
Dadra and Nagar Haveli and Daman and Diu,2020,Merchant payments,1144856,595659817.8063039
Dadra and Nagar Haveli and Daman and Diu,2020,Others,17838,10851229.61608268
Dadra and Nagar Haveli and Daman and Diu,2020,Peer-to-peer payments,1739433,5726365383.646458
Dadra and Nagar Haveli and Daman and Diu,2020,Recharge & bill payments,1899125,757688732.993998
Dadra and Nagar Haveli and Daman and Diu,2021,Financial Services,9043,9105224.676296417
Dadra and Nagar Haveli and Daman and Diu,2021,Merchant payments,4834634,2563773141.4144096
Dadra and Nagar Haveli and Daman and Diu,2021,Others,30832,18297795.43125061
Dadra and Nagar Haveli and Daman and Diu,2021,Peer-to-peer payments,4452371,12433772254.42593
Dadra and Nagar Haveli and Daman and Diu,2021,Recharge & bill payments,2010002,970131445.78669
Dadra and Nagar Haveli and Daman and Diu,2022,Financial Services,9155,11156562.478491228
Dadra and Nagar Haveli and Daman and Diu,2022,Merchant payments,14046870,6359445019.29199
Dadra and Nagar Haveli and Daman and Diu,2022,Others,33787,17322313.93448208
Dadra and Nagar Haveli and Daman and Diu,2022,Peer-to-peer payments,7909046,20874107814.062325
Dadra and Nagar Haveli and Daman and Diu,2022,Recharge & bill payments,2218922,1550464543.8865058
Dadra and Nagar Haveli and Daman and Diu,2023,Financial Services,13103,12555229.0
Dadra and Nagar Haveli and Daman and Diu,2023,Merchant payments,25099103,9479225700.0
Dadra and Nagar Haveli and Daman and Diu,2023,Others,36559,16224899.0
Dadra and Nagar Haveli and Daman and Diu,2023,Peer-to-peer payments,12217687,29526517333.0
Dadra and Nagar Haveli and Daman and Diu,2023,Recharge & bill payments,3164976,2426172690.0
Delhi,2018,Financial Services,881761,215386312.25509796
Delhi,2018,Merchant payments,14944172,4793843378.440203
Delhi,2018,Others,2703071,1592290834.4462848
Delhi,2018,Peer-to-peer payments,24453938,78533239621.63013
Delhi,2018,Recharge & bill payments,21248302,10621748041.678354
Delhi,2019,Financial Services,509993,114446823.34176317
Delhi,2019,Merchant payments,96758108,33535296397.654816
Delhi,2019,Others,11807209,3316888776.9173584
Delhi,2019,Peer-to-peer payments,99028669,301966562610.9383
Delhi,2019,Recharge & bill payments,46357733,33464032715.62091
Delhi,2020,Financial Services,311870,389664491.44369024
Delhi,2020,Merchant payments,154470434,80143840960.77702
Delhi,2020,Others,4639586,1547026348.247688
Delhi,2020,Peer-to-peer payments,150697299,506834804000.7736
Delhi,2020,Recharge & bill payments,54702711,44003697073.883194
Delhi,2021,Financial Services,654949,901737734.3911734
Delhi,2021,Merchant payments,412691380,235792331316.8551
Delhi,2021,Others,4740256,2325590260.985046
Delhi,2021,Peer-to-peer payments,336128314,1108421012209.7922
Delhi,2021,Recharge & bill payments,104745336,73982401816.68279
Delhi,2022,Financial Services,779868,1045399361.1225457
Delhi,2022,Merchant payments,990124999,507277649895.8919
Delhi,2022,Others,3659318,2045927611.4788578
Delhi,2022,Peer-to-peer payments,601109940,1964488965154.2205
Delhi,2022,Recharge & bill payments,136755538,114490292406.48409
Delhi,2023,Financial Services,702029,1017503887.0
Delhi,2023,Merchant payments,894389904,386753310384.0
Delhi,2023,Others,1351651,1130444258.0
Delhi,2023,Peer-to-peer payments,455104057,1483307846790.0
Delhi,2023,Recharge & bill payments,87051443,109121771356.0
Goa,2018,Financial Services,7484,2445305.6673417985
Goa,2018,Merchant payments,87509,124499199.5420882
Goa,2018,Others,27640,28234169.3145758
Goa,2018,Peer-to-peer payments,544252,2349038014.1684093
Goa,2018,Recharge & bill payments,577853,144415927.16992283
Goa,2019,Financial Services,6231,2947509.5939991022
Goa,2019,Merchant payments,580590,511173218.49470747
Goa,2019,Others,42043,50096122.114004225
Goa,2019,Peer-to-peer payments,1926513,6891814695.90387
Goa,2019,Recharge & bill payments,1559564,534986494.55392146
Goa,2020,Financial Services,17115,21950349.740760937
Goa,2020,Merchant payments,2431182,1944051354.0471005
Goa,2020,Others,39153,35442302.87588292
Goa,2020,Peer-to-peer payments,3620126,12749467783.24395
Goa,2020,Recharge & bill payments,2972665,1111212200.557435
Goa,2021,Financial Services,36098,54623930.72765989
Goa,2021,Merchant payments,12405180,9707273928.215847
Goa,2021,Others,64076,57038368.091924205
Goa,2021,Peer-to-peer payments,11071420,35237861630.14885
Goa,2021,Recharge & bill payments,4021432,1818981317.7191744
Goa,2022,Financial Services,44482,59039630.76836602
Goa,2022,Merchant payments,32091542,22269592405.867023
Goa,2022,Others,60604,58593017.10716871
Goa,2022,Peer-to-peer payments,19839703,62025103804.09909
Goa,2022,Recharge & bill payments,4775182,2776405951.5701447
Goa,2023,Financial Services,50983,84065111.0
Goa,2023,Merchant payments,46829599,29586740797.0
Goa,2023,Others,46842,46849260.0
Goa,2023,Peer-to-peer payments,25151372,77494691353.0
Goa,2023,Recharge & bill payments,5646592,3672006171.0
Gujarat,2018,Financial Services,533204,122214821.0105032
Gujarat,2018,Merchant payments,2650756,2077604054.5509849
Gujarat,2018,Others,989502,743480577.9382441
Gujarat,2018,Peer-to-peer payments,15997607,52808575612.814445
Gujarat,2018,Recharge & bill payments,19590891,6686183489.418991
Gujarat,2019,Financial Services,327148,77641102.4563318
Gujarat,2019,Merchant payments,29732284,13514210121.545986
Gujarat,2019,Others,1693298,927098693.0719559
Gujarat,2019,Peer-to-peer payments,59649801,186768984882.57098
Gujarat,2019,Recharge & bill payments,43347043,20042117747.281013
Gujarat,2020,Financial Services,316019,285372519.27223814
Gujarat,2020,Merchant payments,68606874,48001487392.281715
Gujarat,2020,Others,1161804,625735586.4962833
Gujarat,2020,Peer-to-peer payments,89735473,343002220296.9244
Gujarat,2020,Recharge & bill payments,72045158,35782919783.570595
Gujarat,2021,Financial Services,555587,646251066.2875278
Gujarat,2021,Merchant payments,226189787,176970461826.21875
Gujarat,2021,Others,1730918,1166794749.6428087
Gujarat,2021,Peer-to-peer payments,201505778,769654603602.5913
Gujarat,2021,Recharge & bill payments,108869623,60431930188.04314
Gujarat,2022,Financial Services,616757,686251121.6579392
Gujarat,2022,Merchant payments,581056339,409753014702.044
Gujarat,2022,Others,1777665,1160203328.965925
Gujarat,2022,Peer-to-peer payments,382095722,1389776464471.185
Gujarat,2022,Recharge & bill payments,141449209,103325967152.52795
Gujarat,2023,Financial Services,617516,736760541.0
Gujarat,2023,Merchant payments,718408138,414275497369.0
Gujarat,2023,Others,1178358,812753423.0
Gujarat,2023,Peer-to-peer payments,404697389,1414725760913.0
Gujarat,2023,Recharge & bill payments,133836068,120419661535.0
Haryana,2018,Financial Services,517369,105223284.89185649
Haryana,2018,Merchant payments,3954235,1948426874.6370435
Haryana,2018,Others,975211,917200146.9851415
Haryana,2018,Peer-to-peer payments,13655159,52407106423.82262
Haryana,2018,Recharge & bill payments,12741934,4501984250.523782
Haryana,2019,Financial Services,262465,57753171.25405882
Haryana,2019,Merchant payments,30102724,12454694478.506535
Haryana,2019,Others,2749534,1074362904.1571786
Haryana,2019,Peer-to-peer payments,50514894,169319981036.26776
Haryana,2019,Recharge & bill payments,29417490,15495243013.20562
Haryana,2020,Financial Services,234585,258596248.1638347
Haryana,2020,Merchant payments,80763502,47992456606.03352
Haryana,2020,Others,1336171,572278686.259896
Haryana,2020,Peer-to-peer payments,93106842,352423028052.7152
Haryana,2020,Recharge & bill payments,51485655,31007574701.284874
Haryana,2021,Financial Services,348151,464924434.1742626
Haryana,2021,Merchant payments,236577921,149024204238.22632
Haryana,2021,Others,1562684,1043664049.0328834
Haryana,2021,Peer-to-peer payments,203329445,724231994239.9058
Haryana,2021,Recharge & bill payments,64262107,44598559919.44296
Haryana,2022,Financial Services,426565,564621504.4371921
Haryana,2022,Merchant payments,549343876,329473971628.0495
Haryana,2022,Others,1499403,967076093.938086
Haryana,2022,Peer-to-peer payments,356784341,1247940811496.0483
Haryana,2022,Recharge & bill payments,84644561,76136751637.9403
Haryana,2023,Financial Services,529058,781396685.0
Haryana,2023,Merchant payments,806817452,385299246111.0
Haryana,2023,Others,1033793,756938653.0
Haryana,2023,Peer-to-peer payments,433022783,1437815743111.0
Haryana,2023,Recharge & bill payments,98971046,105731408552.0
Himachal Pradesh,2018,Financial Services,40301,9984769.877081051
Himachal Pradesh,2018,Merchant payments,168730,164556498.7397923
Himachal Pradesh,2018,Others,78151,73908715.83538803
Himachal Pradesh,2018,Peer-to-peer payments,1351281,5553724866.066526
Himachal Pradesh,2018,Recharge & bill payments,1725787,385072658.2019471
Himachal Pradesh,2019,Financial Services,22270,6423197.472017393
Himachal Pradesh,2019,Merchant payments,1143954,725424494.9834211
Himachal Pradesh,2019,Others,98249,81750888.26393746
Himachal Pradesh,2019,Peer-to-peer payments,5081415,19067373405.2474
Himachal Pradesh,2019,Recharge & bill payments,4576962,1219575749.0063932
Himachal Pradesh,2020,Financial Services,33241,37457392.93432464
Himachal Pradesh,2020,Merchant payments,4372753,3347635548.320576
Himachal Pradesh,2020,Others,79458,57753230.53356441
Himachal Pradesh,2020,Peer-to-peer payments,7688445,33403170537.64794
Himachal Pradesh,2020,Recharge & bill payments,9428517,3115461927.130102
Himachal Pradesh,2021,Financial Services,59898,80598111.44255252
Himachal Pradesh,2021,Merchant payments,15331894,12909352322.411797
Himachal Pradesh,2021,Others,137622,97966977.24420092
Himachal Pradesh,2021,Peer-to-peer payments,15964814,60522400638.026344
Himachal Pradesh,2021,Recharge & bill payments,12334734,4452345971.92572
Himachal Pradesh,2022,Financial Services,81850,99531683.54019603
Himachal Pradesh,2022,Merchant payments,45606818,32047867082.381596
Himachal Pradesh,2022,Others,184007,116271730.49806546
Himachal Pradesh,2022,Peer-to-peer payments,30444486,100549950627.79164
Himachal Pradesh,2022,Recharge & bill payments,14782394,6574060194.877687
Himachal Pradesh,2023,Financial Services,81389,107420187.0
Himachal Pradesh,2023,Merchant payments,53881741,31225158942.0
Himachal Pradesh,2023,Others,138470,79813327.0
Himachal Pradesh,2023,Peer-to-peer payments,29402988,88957234527.0
Himachal Pradesh,2023,Recharge & bill payments,12195787,6100956106.0
Jammu and Kashmir,2018,Financial Services,256344,38375564.94082025
Jammu and Kashmir,2018,Merchant payments,650323,394019259.89499944
Jammu and Kashmir,2018,Others,159941,117991007.14893411
Jammu and Kashmir,2018,Peer-to-peer payments,3651375,12002484336.312187
Jammu and Kashmir,2018,Recharge & bill payments,3045182,703128572.6172495
Jammu and Kashmir,2019,Financial Services,69002,8118763.724371067
Jammu and Kashmir,2019,Merchant payments,1062475,586746368.3378631
Jammu and Kashmir,2019,Others,91118,70999250.4872205
Jammu and Kashmir,2019,Peer-to-peer payments,4023815,16380408859.228512
Jammu and Kashmir,2019,Recharge & bill payments,2241386,679630925.9116207
Jammu and Kashmir,2020,Financial Services,35169,43780032.95940911
Jammu and Kashmir,2020,Merchant payments,2497090,2247134376.627103
Jammu and Kashmir,2020,Others,129574,77361023.50470293
Jammu and Kashmir,2020,Peer-to-peer payments,5839227,34655417419.11673
Jammu and Kashmir,2020,Recharge & bill payments,4275918,1537734827.8352938
Jammu and Kashmir,2021,Financial Services,73048,104757237.0574377
Jammu and Kashmir,2021,Merchant payments,12502514,13793799457.641817
Jammu and Kashmir,2021,Others,487990,249835424.38177264
Jammu and Kashmir,2021,Peer-to-peer payments,19228747,92310904101.78682
Jammu and Kashmir,2021,Recharge & bill payments,14674759,4017490174.6793213
Jammu and Kashmir,2022,Financial Services,72306,100860019.75898433
Jammu and Kashmir,2022,Merchant payments,38341804,31965388091.83261
Jammu and Kashmir,2022,Others,591684,299778044.55505097
Jammu and Kashmir,2022,Peer-to-peer payments,32813890,126152697676.80936
Jammu and Kashmir,2022,Recharge & bill payments,18089926,6162281047.580742
Jammu and Kashmir,2023,Financial Services,85316,129284533.0
Jammu and Kashmir,2023,Merchant payments,81059539,48811909634.0
Jammu and Kashmir,2023,Others,652558,300316164.0
Jammu and Kashmir,2023,Peer-to-peer payments,51104463,160014264981.0
Jammu and Kashmir,2023,Recharge & bill payments,24517246,9212126075.0
Jharkhand,2018,Financial Services,621653,185577795.45145938
Jharkhand,2018,Merchant payments,1330021,733850344.1947477
Jharkhand,2018,Others,352254,354624828.9714147
Jharkhand,2018,Peer-to-peer payments,11514492,23799113520.43689
Jharkhand,2018,Recharge & bill payments,5919245,926083618.754711
Jharkhand,2019,Financial Services,381287,224943595.74867338
Jharkhand,2019,Merchant payments,11068184,4474340114.068586
Jharkhand,2019,Others,419083,321002019.5351644
Jharkhand,2019,Peer-to-peer payments,27117455,74119455547.45146
Jharkhand,2019,Recharge & bill payments,12999175,2723918848.056797
Jharkhand,2020,Financial Services,220943,288954362.7062811
Jharkhand,2020,Merchant payments,30150802,19472420550.76575
Jharkhand,2020,Others,376949,218713361.04840195
Jharkhand,2020,Peer-to-peer payments,46025661,166398813267.2707
Jharkhand,2020,Recharge & bill payments,28149975,8146323237.458475
Jharkhand,2021,Financial Services,228996,260769782.99762934
Jharkhand,2021,Merchant payments,111225467,76628794095.97972
Jharkhand,2021,Others,722398,391901302.3632011
Jharkhand,2021,Peer-to-peer payments,112925259,383439581681.85394
Jharkhand,2021,Recharge & bill payments,40326432,15369083693.962025
Jharkhand,2022,Financial Services,267404,283669908.4995726
Jharkhand,2022,Merchant payments,287333644,182579148563.01794
Jharkhand,2022,Others,829772,469004082.00300753
Jharkhand,2022,Peer-to-peer payments,223299736,718039352532.6085
Jharkhand,2022,Recharge & bill payments,54221353,26349881341.715176
Jharkhand,2023,Financial Services,327727,365572225.0
Jharkhand,2023,Merchant payments,459970889,245704266154.0
Jharkhand,2023,Others,699392,405663981.0
Jharkhand,2023,Peer-to-peer payments,315570032,925194325233.0
Jharkhand,2023,Recharge & bill payments,71361382,36300659956.0
Karnataka,2018,Financial Services,849304,267770303.21697897
Karnataka,2018,Merchant payments,18414553,8689277829.537968
Karnataka,2018,Others,2427611,1975257004.2315462
Karnataka,2018,Peer-to-peer payments,44956615,152051772354.70035
Karnataka,2018,Recharge & bill payments,33277595,10982876235.503712
Karnataka,2019,Financial Services,725734,204235682.84661153
Karnataka,2019,Merchant payments,260309779,71393895689.68906
Karnataka,2019,Others,4837827,2554211979.01885
Karnataka,2019,Peer-to-peer payments,255178839,680755332450.5261
Karnataka,2019,Recharge & bill payments,89467021,36354594455.18169
Karnataka,2020,Financial Services,791888,1142890416.6716738
Karnataka,2020,Merchant payments,573140187,236755404162.94058
Karnataka,2020,Others,2989866,1527473649.1180873
Karnataka,2020,Peer-to-peer payments,469209841,1492175841626.1462
Karnataka,2020,Recharge & bill payments,170021335,71682536426.35924
Karnataka,2021,Financial Services,1254943,2015041104.8539608
Karnataka,2021,Merchant payments,1418651855,676902068976.1638
Karnataka,2021,Others,3776163,2543389679.6740184
Karnataka,2021,Peer-to-peer payments,1045929653,3294062966216.278
Karnataka,2021,Recharge & bill payments,269855901,126065106172.93561
Karnataka,2022,Financial Services,1524717,2378538404.212503
Karnataka,2022,Merchant payments,2858605624,1350376221608.4736
Karnataka,2022,Others,3663355,2794380519.5063457
Karnataka,2022,Peer-to-peer payments,1703341932,5451221318554.498
Karnataka,2022,Recharge & bill payments,336840438,197459998797.09274
Karnataka,2023,Financial Services,1786553,2816982126.0
Karnataka,2023,Merchant payments,3915434871,1650392147218.0
Karnataka,2023,Others,2550850,2346069036.0
Karnataka,2023,Peer-to-peer payments,1985807225,6307853524939.0
Karnataka,2023,Recharge & bill payments,376247518,270298497415.0
Kerala,2018,Financial Services,193640,36547381.3595327
Kerala,2018,Merchant payments,831469,766983653.3437788
Kerala,2018,Others,244595,176880209.02538866
Kerala,2018,Peer-to-peer payments,4947715,17326532326.229843
Kerala,2018,Recharge & bill payments,5307128,1053040987.2724518
Kerala,2019,Financial Services,263379,33358727.005329728
Kerala,2019,Merchant payments,5403294,3089758297.411873
Kerala,2019,Others,288777,201564534.7799509
Kerala,2019,Peer-to-peer payments,17161666,53916548412.98403
Kerala,2019,Recharge & bill payments,12420482,3606309083.7232704
Kerala,2020,Financial Services,246514,196112795.70461476
Kerala,2020,Merchant payments,22429210,15598693191.874578
Kerala,2020,Others,305753,168130524.00848943
Kerala,2020,Peer-to-peer payments,33769207,123206099497.88773
Kerala,2020,Recharge & bill payments,30317672,10095534599.02462
Kerala,2021,Financial Services,350804,387725168.7169748
Kerala,2021,Merchant payments,96218237,63788746395.29079
Kerala,2021,Others,693113,401304639.98828304
Kerala,2021,Peer-to-peer payments,85689470,284862429359.08826
Kerala,2021,Recharge & bill payments,51407758,19075869751.460114
Kerala,2022,Financial Services,555713,646531884.0476027
Kerala,2022,Merchant payments,243140077,141541028877.5931
Kerala,2022,Others,753834,513232141.1273693
Kerala,2022,Peer-to-peer payments,149966086,458415717191.5013
Kerala,2022,Recharge & bill payments,59553949,29388989834.688354
Kerala,2023,Financial Services,509568,637669140.0
Kerala,2023,Merchant payments,275751140,147986402173.0
Kerala,2023,Others,416316,375334546.0
Kerala,2023,Peer-to-peer payments,145914191,438370021148.0
Kerala,2023,Recharge & bill payments,51859618,34396946984.0
Ladakh,2018,Financial Services,509,565529.6605349412
Ladakh,2018,Merchant payments,4093,9229939.99341667
Ladakh,2018,Others,1670,1858862.7827738756
Ladakh,2018,Peer-to-peer payments,33491,254103917.28284255
Ladakh,2018,Recharge & bill payments,41411,13723330.226771703
Ladakh,2019,Financial Services,294,537012.0534922713
Ladakh,2019,Merchant payments,24943,29507618.738857523
Ladakh,2019,Others,2882,4358935.301399827
Ladakh,2019,Peer-to-peer payments,141571,981662908.3041122
Ladakh,2019,Recharge & bill payments,122329,51867840.77062419
Ladakh,2020,Financial Services,1891,5669150.481751032
Ladakh,2020,Merchant payments,150125,151067611.52221966
Ladakh,2020,Others,3674,5033710.141668942
Ladakh,2020,Peer-to-peer payments,379937,2547449845.118071
Ladakh,2020,Recharge & bill payments,296158,139663329.40021074
Ladakh,2021,Financial Services,3196,8192112.787214452
Ladakh,2021,Merchant payments,455171,712633505.9520029
Ladakh,2021,Others,7547,9221116.260446576
Ladakh,2021,Peer-to-peer payments,1019751,5850783826.904481
Ladakh,2021,Recharge & bill payments,410640,197368229.52790934
Ladakh,2022,Financial Services,5635,7525469.971863554
Ladakh,2022,Merchant payments,1262724,1801456468.8334215
Ladakh,2022,Others,8349,7617913.425782727
Ladakh,2022,Peer-to-peer payments,2171066,9932643827.043388
Ladakh,2022,Recharge & bill payments,574544,318792340.6168754
Ladakh,2023,Financial Services,7074,22709221.0
Ladakh,2023,Merchant payments,3112677,3099810810.0
Ladakh,2023,Others,10193,7708497.0
Ladakh,2023,Peer-to-peer payments,4058555,15567312937.0
Ladakh,2023,Recharge & bill payments,943928,593155962.0
Lakshadweep,2018,Financial Services,12,9524.30645555099
Lakshadweep,2018,Merchant payments,278,421285.5174732768
Lakshadweep,2018,Others,53,36362.112086933324
Lakshadweep,2018,Peer-to-peer payments,3268,15384680.53413307
Lakshadweep,2018,Recharge & bill payments,2644,1066814.2603381295
Lakshadweep,2019,Financial Services,2,34.39721181625656
Lakshadweep,2019,Merchant payments,549,800351.9903914238
Lakshadweep,2019,Others,66,107310.6673720835
Lakshadweep,2019,Peer-to-peer payments,5709,36130821.59594406
Lakshadweep,2019,Recharge & bill payments,5950,1911810.8341008148
Lakshadweep,2020,Financial Services,109,218019.860709127
Lakshadweep,2020,Merchant payments,3430,3258286.296456473
Lakshadweep,2020,Others,76,194493.34408130363
Lakshadweep,2020,Peer-to-peer payments,11931,73655447.31515576
Lakshadweep,2020,Recharge & bill payments,17064,4537195.069783164
Lakshadweep,2021,Financial Services,123,188203.00945384835
Lakshadweep,2021,Merchant payments,8602,9387151.860507548
Lakshadweep,2021,Others,184,383638.02152691444
Lakshadweep,2021,Peer-to-peer payments,20852,127658908.89246449
Lakshadweep,2021,Recharge & bill payments,19548,6609694.0152290445
Lakshadweep,2022,Financial Services,197,215484.96018256314
Lakshadweep,2022,Merchant payments,13611,19454207.067187473
Lakshadweep,2022,Others,225,401241.0588048104
Lakshadweep,2022,Peer-to-peer payments,32623,184521982.4449033
Lakshadweep,2022,Recharge & bill payments,19698,8670002.345194088
Lakshadweep,2023,Financial Services,274,225430.0
Lakshadweep,2023,Merchant payments,30549,32601346.0
Lakshadweep,2023,Others,159,221377.0
Lakshadweep,2023,Peer-to-peer payments,52062,231133686.0
Lakshadweep,2023,Recharge & bill payments,25151,13654621.0
Madhya Pradesh,2018,Financial Services,1209052,186722322.58275825
Madhya Pradesh,2018,Merchant payments,3434950,2011068450.4014316
Madhya Pradesh,2018,Others,1169111,925547899.3230466
Madhya Pradesh,2018,Peer-to-peer payments,28562746,74701428944.49432
Madhya Pradesh,2018,Recharge & bill payments,22735488,4836267130.963397
Madhya Pradesh,2019,Financial Services,759972,97445060.33903933
Madhya Pradesh,2019,Merchant payments,46961538,16386472012.513939
Madhya Pradesh,2019,Others,1625959,1022715919.3817667
Madhya Pradesh,2019,Peer-to-peer payments,99291769,265585626841.9934
Madhya Pradesh,2019,Recharge & bill payments,51250224,15676834350.479092
Madhya Pradesh,2020,Financial Services,430300,348280893.98676246
Madhya Pradesh,2020,Merchant payments,127891072,78501316760.69801
Madhya Pradesh,2020,Others,1370613,685002849.3995727
Madhya Pradesh,2020,Peer-to-peer payments,188245411,649073872360.6924
Madhya Pradesh,2020,Recharge & bill payments,100002345,36027643617.38943
Madhya Pradesh,2021,Financial Services,780483,766006373.4218911
Madhya Pradesh,2021,Merchant payments,497553323,321284404976.9558
Madhya Pradesh,2021,Others,2711205,1569666429.167474
Madhya Pradesh,2021,Peer-to-peer payments,470741987,1534905167624.7383
Madhya Pradesh,2021,Recharge & bill payments,169277598,71809573269.67242
Madhya Pradesh,2022,Financial Services,908204,889157756.1830016
Madhya Pradesh,2022,Merchant payments,1409413044,802741149797.9575
Madhya Pradesh,2022,Others,3158627,1840808678.5197399
Madhya Pradesh,2022,Peer-to-peer payments,979583273,3006287821531.144
Madhya Pradesh,2022,Recharge & bill payments,254627566,138839290962.41684
Madhya Pradesh,2023,Financial Services,794402,934653123.0
Madhya Pradesh,2023,Merchant payments,1451637407,701100472779.0
Madhya Pradesh,2023,Others,1723755,1114258034.0
Madhya Pradesh,2023,Peer-to-peer payments,890860154,2655266697013.0
Madhya Pradesh,2023,Recharge & bill payments,216400905,143873466709.0
Maharashtra,2018,Financial Services,1057645,276237682.0324411
Maharashtra,2018,Merchant payments,10768014,7490502337.918045
Maharashtra,2018,Others,2683769,2156693575.920906
Maharashtra,2018,Peer-to-peer payments,47294838,163507272733.49292
Maharashtra,2018,Recharge & bill payments,54497269,16417718950.562439
Maharashtra,2019,Financial Services,831631,198510693.53230593
Maharashtra,2019,Merchant payments,174734703,59656760068.18248
Maharashtra,2019,Others,5013185,2820743072.4989057
Maharashtra,2019,Peer-to-peer payments,216694603,620930982601.8174
Maharashtra,2019,Recharge & bill payments,128951001,53720100116.8696
Maharashtra,2020,Financial Services,1053799,1055166552.069026
Maharashtra,2020,Merchant payments,439957003,232035055614.7418
Maharashtra,2020,Others,3419631,1760566607.6594267
Maharashtra,2020,Peer-to-peer payments,421541394,1339777980925.567
Maharashtra,2020,Recharge & bill payments,233694943,104188554022.21234
Maharashtra,2021,Financial Services,1998714,2315882823.6832786
Maharashtra,2021,Merchant payments,1430640763,802571776155.5853
Maharashtra,2021,Others,5457454,3392631156.420544
Maharashtra,2021,Peer-to-peer payments,1074390726,3319796304053.1064
Maharashtra,2021,Recharge & bill payments,382594631,191541591884.10052
Maharashtra,2022,Financial Services,2214881,2507794343.588512
Maharashtra,2022,Merchant payments,3359523712,1703621383931.121
Maharashtra,2022,Others,5752356,3761102433.9833937
Maharashtra,2022,Peer-to-peer payments,1900871599,5833276008381.8955
Maharashtra,2022,Recharge & bill payments,483841692,302555394058.11206
Maharashtra,2023,Financial Services,2189587,2672673727.0
Maharashtra,2023,Merchant payments,3867326330,1693857669758.0
Maharashtra,2023,Others,3511934,2655768476.0
Maharashtra,2023,Peer-to-peer payments,1881823925,5682653684971.0
Maharashtra,2023,Recharge & bill payments,447813158,338622899836.0
Manipur,2018,Financial Services,12681,2294887.6864983067
Manipur,2018,Merchant payments,26384,38849622.73018656
Manipur,2018,Others,12237,10879793.332488485
Manipur,2018,Peer-to-peer payments,286823,1267430909.494223
Manipur,2018,Recharge & bill payments,323033,50815486.10644093
Manipur,2019,Financial Services,2093,875239.7424555831
Manipur,2019,Merchant payments,74011,81553839.41583148
Manipur,2019,Others,8277,11891524.838557852
Manipur,2019,Peer-to-peer payments,604112,3226299814.9629917
Manipur,2019,Recharge & bill payments,628693,126517268.26531374
Manipur,2020,Financial Services,5982,5853194.124893136
Manipur,2020,Merchant payments,629880,683776618.378547
Manipur,2020,Others,24276,16306876.653794289
Manipur,2020,Peer-to-peer payments,2652578,14912120073.677639
Manipur,2020,Recharge & bill payments,1637173,397670510.176841
Manipur,2021,Financial Services,15694,20208049.963800587
Manipur,2021,Merchant payments,2637706,3083617218.169346
Manipur,2021,Others,50588,34266914.85414238
Manipur,2021,Peer-to-peer payments,6510043,33577840683.509842
Manipur,2021,Recharge & bill payments,4804614,1309515677.495441
Manipur,2022,Financial Services,18162,21237517.45437851
Manipur,2022,Merchant payments,6615477,7332594539.79002
Manipur,2022,Others,51565,29764193.103708316
Manipur,2022,Peer-to-peer payments,11747963,50935314855.82869
Manipur,2022,Recharge & bill payments,5767556,1755887572.9875326
Manipur,2023,Financial Services,7668,8160975.0
Manipur,2023,Merchant payments,1654801,2071161182.0
Manipur,2023,Others,7312,4956802.0
Manipur,2023,Peer-to-peer payments,2967132,14100002456.0
Manipur,2023,Recharge & bill payments,1093219,473445931.0
Meghalaya,2018,Financial Services,2635,1468516.364796113
Meghalaya,2018,Merchant payments,26104,25952579.75870453
Meghalaya,2018,Others,9090,8768320.700944895
Meghalaya,2018,Peer-to-peer payments,132952,646485985.9418246
Meghalaya,2018,Recharge & bill payments,218069,48018865.404530086
Meghalaya,2019,Financial Services,1922,877840.4027749151
Meghalaya,2019,Merchant payments,94292,78704238.63254616
Meghalaya,2019,Others,10679,11696895.099571534
Meghalaya,2019,Peer-to-peer payments,468003,2022561167.3969593
Meghalaya,2019,Recharge & bill payments,538662,132783383.67261416
Meghalaya,2020,Financial Services,5055,10171886.930487096
Meghalaya,2020,Merchant payments,270325,275754172.4878824
Meghalaya,2020,Others,13527,11196438.959184203
Meghalaya,2020,Peer-to-peer payments,898992,4657355238.0844
Meghalaya,2020,Recharge & bill payments,1301366,360693832.366262
Meghalaya,2021,Financial Services,7088,11131789.939609712
Meghalaya,2021,Merchant payments,770083,1034418331.9518806
Meghalaya,2021,Others,19290,15570824.0670161
Meghalaya,2021,Peer-to-peer payments,1836371,9261006216.06058
Meghalaya,2021,Recharge & bill payments,1562332,544771222.5754745
Meghalaya,2022,Financial Services,11062,12096471.460528484
Meghalaya,2022,Merchant payments,3817752,4127332210.495819
Meghalaya,2022,Others,27790,19309752.37655382
Meghalaya,2022,Peer-to-peer payments,5731438,23383401282.69908
Meghalaya,2022,Recharge & bill payments,2422970,1001531989.654912
Meghalaya,2023,Financial Services,12775,13720517.0
Meghalaya,2023,Merchant payments,5133969,5046802450.0
Meghalaya,2023,Others,19296,13734618.0
Meghalaya,2023,Peer-to-peer payments,7546866,26387994066.0
Meghalaya,2023,Recharge & bill payments,2558853,1113728530.0
Mizoram,2018,Financial Services,812,205507.6948254834
Mizoram,2018,Merchant payments,7935,13298834.551532442
Mizoram,2018,Others,2527,3318298.0376052135
Mizoram,2018,Peer-to-peer payments,63048,404059467.5713095
Mizoram,2018,Recharge & bill payments,65848,14881108.333172498
Mizoram,2019,Financial Services,407,141919.42187371716
Mizoram,2019,Merchant payments,22129,29208413.053806107
Mizoram,2019,Others,2716,3044757.400473204
Mizoram,2019,Peer-to-peer payments,172244,1036858159.1366599
Mizoram,2019,Recharge & bill payments,171814,44407605.10543451
Mizoram,2020,Financial Services,1505,2398880.6999889826
Mizoram,2020,Merchant payments,80627,107820327.05832174
Mizoram,2020,Others,3010,3146280.9265926173
Mizoram,2020,Peer-to-peer payments,358619,2282183489.737384
Mizoram,2020,Recharge & bill payments,485620,148188325.56822664
Mizoram,2021,Financial Services,2476,5050482.166016234
Mizoram,2021,Merchant payments,275206,407699355.9742634
Mizoram,2021,Others,5055,4668613.144541209
Mizoram,2021,Peer-to-peer payments,826532,4814315864.763814
Mizoram,2021,Recharge & bill payments,646504,236660135.93438816
Mizoram,2022,Financial Services,3121,4289246.244498104
Mizoram,2022,Merchant payments,561657,798032428.6437006
Mizoram,2022,Others,6211,4477829.049398818
Mizoram,2022,Peer-to-peer payments,1362852,6846464323.582606
Mizoram,2022,Recharge & bill payments,667865,279258400.5309524
Mizoram,2023,Financial Services,3711,8146561.0
Mizoram,2023,Merchant payments,856744,1046884060.0
Mizoram,2023,Others,4757,3666150.0
Mizoram,2023,Peer-to-peer payments,1993025,7892835446.0
Mizoram,2023,Recharge & bill payments,713701,302027333.0
Nagaland,2018,Financial Services,1825,793774.2846964372
Nagaland,2018,Merchant payments,16219,17596279.97827465
Nagaland,2018,Others,6798,6051841.48755481
Nagaland,2018,Peer-to-peer payments,119383,792914206.3000268
Nagaland,2018,Recharge & bill payments,197923,43781577.3981511
Nagaland,2019,Financial Services,1425,743442.5236350321
Nagaland,2019,Merchant payments,46864,46021392.830537945
Nagaland,2019,Others,7313,7689279.7962836195
Nagaland,2019,Peer-to-peer payments,382117,2278662946.7985897
Nagaland,2019,Recharge & bill payments,498661,114384942.68397456
Nagaland,2020,Financial Services,5000,4358488.0847750865
Nagaland,2020,Merchant payments,180661,218562587.58635378
Nagaland,2020,Others,10436,8221845.490457057
Nagaland,2020,Peer-to-peer payments,1050863,6261975007.135359
Nagaland,2020,Recharge & bill payments,1232801,322070618.50270706
Nagaland,2021,Financial Services,6362,7613493.742091585
Nagaland,2021,Merchant payments,781319,1075105500.186891
Nagaland,2021,Others,18329,14108341.137811307
Nagaland,2021,Peer-to-peer payments,2491397,13560828570.816101
Nagaland,2021,Recharge & bill payments,1797556,532589174.6540961
Nagaland,2022,Financial Services,7152,8278585.71641019
Nagaland,2022,Merchant payments,2053854,2753518922.1898336
Nagaland,2022,Others,18211,12901870.412722519
Nagaland,2022,Peer-to-peer payments,4300938,20188370671.456474
Nagaland,2022,Recharge & bill payments,1947444,656533887.5054711
Nagaland,2023,Financial Services,7441,10464484.0
Nagaland,2023,Merchant payments,2254935,3176674576.0
Nagaland,2023,Others,8553,7798717.0
Nagaland,2023,Peer-to-peer payments,5002122,20638367061.0
Nagaland,2023,Recharge & bill payments,1756851,618791999.0
Odisha,2018,Financial Services,2127698,278755488.663869
Odisha,2018,Merchant payments,4179095,1283546444.3122044
Odisha,2018,Others,593976,397016006.13642013
Odisha,2018,Peer-to-peer payments,43051979,55488192770.91713
Odisha,2018,Recharge & bill payments,15210170,2192817187.6236916
Odisha,2019,Financial Services,1097536,124829428.00150575
Odisha,2019,Merchant payments,32104270,10777579049.329372
Odisha,2019,Others,657707,449958128.19470966
Odisha,2019,Peer-to-peer payments,102347981,199179251475.34552
Odisha,2019,Recharge & bill payments,33754377,6724315712.776137
Odisha,2020,Financial Services,347749,267355198.6663393
Odisha,2020,Merchant payments,63227704,41420940264.25116
Odisha,2020,Others,522660,288246676.7481071
Odisha,2020,Peer-to-peer payments,133402768,424127329567.9126
Odisha,2020,Recharge & bill payments,64568781,18352569922.761375
Odisha,2021,Financial Services,419954,457736110.2963292
Odisha,2021,Merchant payments,241364805,161111002928.5875
Odisha,2021,Others,1088554,682153052.8230052
Odisha,2021,Peer-to-peer payments,314636093,951711291985.0814
Odisha,2021,Recharge & bill payments,97063329,34331438211.787727
Odisha,2022,Financial Services,437445,477683421.13146967
Odisha,2022,Merchant payments,676963977,389031867154.49744
Odisha,2022,Others,1084429,791632008.513784
Odisha,2022,Peer-to-peer payments,602069048,1726805168845.8525
Odisha,2022,Recharge & bill payments,128932267,60918594554.40643
Odisha,2023,Financial Services,446788,594927614.0
Odisha,2023,Merchant payments,863695902,440882717811.0
Odisha,2023,Others,577874,570418418.0
Odisha,2023,Peer-to-peer payments,655127999,1872817469256.0
Odisha,2023,Recharge & bill payments,130042957,78733836792.0
Puducherry,2018,Financial Services,9447,2472862.127329192
Puducherry,2018,Merchant payments,54921,52631769.59505969
Puducherry,2018,Others,18610,13418176.872403178
Puducherry,2018,Peer-to-peer payments,373041,1357327704.050316
Puducherry,2018,Recharge & bill payments,276689,69126319.17486663
Puducherry,2019,Financial Services,7260,1726798.8970826403
Puducherry,2019,Merchant payments,553217,294368526.1613124
Puducherry,2019,Others,24700,16694352.736919235
Puducherry,2019,Peer-to-peer payments,1599606,4986968499.115492
Puducherry,2019,Recharge & bill payments,625867,210898432.85783654
Puducherry,2020,Financial Services,9904,11875184.153615449
Puducherry,2020,Merchant payments,2268451,1329425996.2006469
Puducherry,2020,Others,21485,11581561.473383864
Puducherry,2020,Peer-to-peer payments,3135949,10806330791.10752
Puducherry,2020,Recharge & bill payments,1252420,534701371.7378186
Puducherry,2021,Financial Services,20652,24113515.53287126
Puducherry,2021,Merchant payments,8149263,5098518299.9351015
Puducherry,2021,Others,45461,25743359.05800512
Puducherry,2021,Peer-to-peer payments,7608199,25097244342.86967
Puducherry,2021,Recharge & bill payments,2727780,1306150983.1368775
Puducherry,2022,Financial Services,21811,28130362.058205377
Puducherry,2022,Merchant payments,16794135,9750109400.581743
Puducherry,2022,Others,35674,22844471.06830594
Puducherry,2022,Peer-to-peer payments,11165357,36144783503.04313
Puducherry,2022,Recharge & bill payments,2584740,1912875012.7196074
Puducherry,2023,Financial Services,20083,22258313.0
Puducherry,2023,Merchant payments,21089844,11236667690.0
Puducherry,2023,Others,19837,15519289.0
Puducherry,2023,Peer-to-peer payments,10409170,32649213319.0
Puducherry,2023,Recharge & bill payments,2115328,2129954991.0
Punjab,2018,Financial Services,259682,50144017.24466606
Punjab,2018,Merchant payments,1157698,893256048.3928994
Punjab,2018,Others,313552,303198102.1849174
Punjab,2018,Peer-to-peer payments,5661427,22026879012.30815
Punjab,2018,Recharge & bill payments,5408482,2039622874.2017827
Punjab,2019,Financial Services,138371,28042005.57334488
Punjab,2019,Merchant payments,7615542,4218475893.2736735
Punjab,2019,Others,409747,311798367.02409583
Punjab,2019,Peer-to-peer payments,19280081,72997203959.42085
Punjab,2019,Recharge & bill payments,12643663,7529381023.3693075
Punjab,2020,Financial Services,112448,128430240.47683671
Punjab,2020,Merchant payments,17535191,13888274704.156822
Punjab,2020,Others,365895,226413852.43850994
Punjab,2020,Peer-to-peer payments,28942251,127188738944.03894
Punjab,2020,Recharge & bill payments,22550791,14125480404.370605
Punjab,2021,Financial Services,191682,255251656.67325646
Punjab,2021,Merchant payments,60066390,52218916925.433914
Punjab,2021,Others,600896,498663686.92423797
Punjab,2021,Peer-to-peer payments,61820679,251952423928.298
Punjab,2021,Recharge & bill payments,31155285,19999376539.004223
Punjab,2022,Financial Services,228832,281578776.2384111
Punjab,2022,Merchant payments,153369468,122336578599.23248
Punjab,2022,Others,636416,456193447.22715825
Punjab,2022,Peer-to-peer payments,110546993,417749418899.6503
Punjab,2022,Recharge & bill payments,41262493,32338504937.135277
Punjab,2023,Financial Services,239955,303914132.0
Punjab,2023,Merchant payments,190131486,125581314606.0
Punjab,2023,Others,411535,322810080.0
Punjab,2023,Peer-to-peer payments,116381774,411895418167.0
Punjab,2023,Recharge & bill payments,39197541,36812378066.0
Rajasthan,2018,Financial Services,1023723,159869164.63008276
Rajasthan,2018,Merchant payments,3227046,2161781686.828717
Rajasthan,2018,Others,1301009,1260413208.6158516
Rajasthan,2018,Peer-to-peer payments,24184734,75478182414.91019
Rajasthan,2018,Recharge & bill payments,23045696,7374988586.051168
Rajasthan,2019,Financial Services,861512,133389472.05591518
Rajasthan,2019,Merchant payments,53139592,21527431782.688118
Rajasthan,2019,Others,2027975,1470687885.508389
Rajasthan,2019,Peer-to-peer payments,126119220,372605621315.4359
Rajasthan,2019,Recharge & bill payments,64194886,26432041374.131775
Rajasthan,2020,Financial Services,481156,360862692.82636726
Rajasthan,2020,Merchant payments,161153916,101854378345.17523
Rajasthan,2020,Others,1623459,887682322.8857527
Rajasthan,2020,Peer-to-peer payments,259409511,901932529120.4747
Rajasthan,2020,Recharge & bill payments,120917537,58749145081.87372
Rajasthan,2021,Financial Services,871679,802731316.0980093
Rajasthan,2021,Merchant payments,583848594,389375624626.77026
Rajasthan,2021,Others,2961673,1950828065.5270996
Rajasthan,2021,Peer-to-peer payments,650690876,2170102661502.7876
Rajasthan,2021,Recharge & bill payments,189741486,105409248402.5079
Rajasthan,2022,Financial Services,874411,909670833.9111233
Rajasthan,2022,Merchant payments,1460250222,885225729825.25
Rajasthan,2022,Others,3240119,1958740372.4931304
Rajasthan,2022,Peer-to-peer payments,1138819816,3811756574180.9736
Rajasthan,2022,Recharge & bill payments,256064010,170478940084.82764
Rajasthan,2023,Financial Services,908818,1087258561.0
Rajasthan,2023,Merchant payments,1781364256,928980856107.0
Rajasthan,2023,Others,2148044,1383576747.0
Rajasthan,2023,Peer-to-peer payments,1181966996,3924298336620.0
Rajasthan,2023,Recharge & bill payments,265400077,197844377731.0
Sikkim,2018,Financial Services,2449,1163276.466290365
Sikkim,2018,Merchant payments,15878,24350916.27959206
Sikkim,2018,Others,6867,7639102.32136275
Sikkim,2018,Peer-to-peer payments,146442,750187314.2186754
Sikkim,2018,Recharge & bill payments,210053,43225000.21581506
Sikkim,2019,Financial Services,4180,1544011.0262203747
Sikkim,2019,Merchant payments,347813,136377217.20382094
Sikkim,2019,Others,13540,12592611.036661882
Sikkim,2019,Peer-to-peer payments,1005632,2977725312.3074117
Sikkim,2019,Recharge & bill payments,576872,129874776.34256637
Sikkim,2020,Financial Services,3907,5331779.9373656865
Sikkim,2020,Merchant payments,256125,248402062.5826993
Sikkim,2020,Others,7750,6597996.1167008355
Sikkim,2020,Peer-to-peer payments,996064,4861916795.678974
Sikkim,2020,Recharge & bill payments,1113473,306048959.6732505
Sikkim,2021,Financial Services,7667,11666255.672613729
Sikkim,2021,Merchant payments,849747,1139975590.3756652
Sikkim,2021,Others,12736,10102817.880954321
Sikkim,2021,Peer-to-peer payments,2304267,10221834625.234482
Sikkim,2021,Recharge & bill payments,1347425,445108142.7965095
Sikkim,2022,Financial Services,7469,10476908.297313077
Sikkim,2022,Merchant payments,2962122,3344864361.9722857
Sikkim,2022,Others,15622,11980237.090546833
Sikkim,2022,Peer-to-peer payments,4885653,17596321321.676865
Sikkim,2022,Recharge & bill payments,1650614,636160050.4448254
Sikkim,2023,Financial Services,8682,13520398.0
Sikkim,2023,Merchant payments,4695824,4234113770.0
Sikkim,2023,Others,7482,7683606.0
Sikkim,2023,Peer-to-peer payments,6162477,18496428906.0
Sikkim,2023,Recharge & bill payments,1739567,698409199.0
Tamil Nadu,2018,Financial Services,702528,180899440.0526653
Tamil Nadu,2018,Merchant payments,5391027,3265225248.6455584
Tamil Nadu,2018,Others,1387559,1123951012.1342566
Tamil Nadu,2018,Peer-to-peer payments,27453758,94071689672.79904
Tamil Nadu,2018,Recharge & bill payments,20015400,5377802817.229907
Tamil Nadu,2019,Financial Services,412288,101097722.42159855
Tamil Nadu,2019,Merchant payments,36989278,15114301918.938393
Tamil Nadu,2019,Others,1679033,1032048569.6848221
Tamil Nadu,2019,Peer-to-peer payments,85690531,271693785380.32947
Tamil Nadu,2019,Recharge & bill payments,37682246,14620949406.695118
Tamil Nadu,2020,Financial Services,422726,475898933.3515989
Tamil Nadu,2020,Merchant payments,94981294,52832447167.008766
Tamil Nadu,2020,Others,1046375,542150633.8355181
Tamil Nadu,2020,Peer-to-peer payments,132136022,480012792431.94543
Tamil Nadu,2020,Recharge & bill payments,71694692,28847518909.786472
Tamil Nadu,2021,Financial Services,774092,962429967.5214493
Tamil Nadu,2021,Merchant payments,308513533,187698851538.1797
Tamil Nadu,2021,Others,1860397,1126989265.7680054
Tamil Nadu,2021,Peer-to-peer payments,306585608,1072434761887.3286
Tamil Nadu,2021,Recharge & bill payments,128494866,58863727890.14071
Tamil Nadu,2022,Financial Services,957180,1104152896.0781615
Tamil Nadu,2022,Merchant payments,750491862,411260352492.6295
Tamil Nadu,2022,Others,1844743,1175177884.800674
Tamil Nadu,2022,Peer-to-peer payments,567451444,1894356720270.7827
Tamil Nadu,2022,Recharge & bill payments,158147669,102596413699.4446
Tamil Nadu,2023,Financial Services,875820,994053307.0
Tamil Nadu,2023,Merchant payments,828468720,404683846296.0
Tamil Nadu,2023,Others,993264,753548135.0
Tamil Nadu,2023,Peer-to-peer payments,549117228,1799367937768.0
Tamil Nadu,2023,Recharge & bill payments,136272001,119252103725.0
Telangana,2018,Financial Services,1240416,259633443.82553315
Telangana,2018,Merchant payments,8137792,4046971034.3766284
Telangana,2018,Others,1593644,1425970136.6339626
Telangana,2018,Peer-to-peer payments,35223564,106291962933.90582
Telangana,2018,Recharge & bill payments,21345877,5840049745.224785
Telangana,2019,Financial Services,1036315,171246378.28382882
Telangana,2019,Merchant payments,141408045,48406293674.6445
Telangana,2019,Others,2740932,1574851946.3075132
Telangana,2019,Peer-to-peer payments,229798734,658146490259.0096
Telangana,2019,Recharge & bill payments,64984689,25577609638.024155
Telangana,2020,Financial Services,630951,692405289.6576606
Telangana,2020,Merchant payments,351734708,189257651271.19617
Telangana,2020,Others,1749119,865132599.6990807
Telangana,2020,Peer-to-peer payments,449628090,1636556142138.1182
Telangana,2020,Recharge & bill payments,127737713,67815872404.80292
Telangana,2021,Financial Services,1075409,1342002957.455864
Telangana,2021,Merchant payments,1053783083,591337144553.2355
Telangana,2021,Others,4415580,1991376985.661644
Telangana,2021,Peer-to-peer payments,1013811545,3735174229514.7837
Telangana,2021,Recharge & bill payments,234230578,139520158626.2008
Telangana,2022,Financial Services,1271354,1660644337.5930839
Telangana,2022,Merchant payments,2897493332,1490016925572.8608
Telangana,2022,Others,4775682,2415019858.9277954
Telangana,2022,Peer-to-peer payments,2111548573,7518857371247.922
Telangana,2022,Recharge & bill payments,382419234,293681181996.9678
Telangana,2023,Financial Services,1101066,1643462270.0
Telangana,2023,Merchant payments,2935776217,1279684612573.0
Telangana,2023,Others,1453871,1546061993.0
Telangana,2023,Peer-to-peer payments,1763519774,6326916789115.0
Telangana,2023,Recharge & bill payments,278957425,331143644414.0
Tripura,2018,Financial Services,26314,4039476.324845758
Tripura,2018,Merchant payments,86818,63810775.07892913
Tripura,2018,Others,24859,19482777.201436967
Tripura,2018,Peer-to-peer payments,484469,1257833126.5473278
Tripura,2018,Recharge & bill payments,566018,108453465.59925838
Tripura,2019,Financial Services,36297,1759776.5804868247
Tripura,2019,Merchant payments,242328,159461770.51375479
Tripura,2019,Others,21428,20596585.83554348
Tripura,2019,Peer-to-peer payments,1167008,3386409988.937558
Tripura,2019,Recharge & bill payments,1159964,263265885.6712679
Tripura,2020,Financial Services,12538,10122464.927935995
Tripura,2020,Merchant payments,760350,655477198.9421846
Tripura,2020,Others,23909,15833671.019744873
Tripura,2020,Peer-to-peer payments,1841236,7545308662.008404
Tripura,2020,Recharge & bill payments,2308764,655163205.5133879
Tripura,2021,Financial Services,13323,14930906.256292222
Tripura,2021,Merchant payments,2168141,2261169011.1764
Tripura,2021,Others,34144,21418531.14324688
Tripura,2021,Peer-to-peer payments,3272338,13547569769.285679
Tripura,2021,Recharge & bill payments,2369799,819470945.4489992
Tripura,2022,Financial Services,18293,20675283.68537607
Tripura,2022,Merchant payments,6030385,5787430301.29323
Tripura,2022,Others,41372,25122068.070011877
Tripura,2022,Peer-to-peer payments,6754578,25150053605.61511
Tripura,2022,Recharge & bill payments,2899995,1243644170.7866588
Tripura,2023,Financial Services,26876,24883874.0
Tripura,2023,Merchant payments,11034881,8809864957.0
Tripura,2023,Others,32485,19979088.0
Tripura,2023,Peer-to-peer payments,9659610,31868158285.0
Tripura,2023,Recharge & bill payments,3403140,1733750099.0
Uttar Pradesh,2018,Financial Services,2081463,333543041.3476333
Uttar Pradesh,2018,Merchant payments,10703286,4721215753.919647
Uttar Pradesh,2018,Others,2484934,2177410358.227111
Uttar Pradesh,2018,Peer-to-peer payments,40241672,115764751895.60364
Uttar Pradesh,2018,Recharge & bill payments,37353516,8772109514.982996
Uttar Pradesh,2019,Financial Services,1155308,178560840.40756333
Uttar Pradesh,2019,Merchant payments,61499842,24812496213.871735
Uttar Pradesh,2019,Others,4771523,2529255650.0033264
Uttar Pradesh,2019,Peer-to-peer payments,126698597,377787161261.5123
Uttar Pradesh,2019,Recharge & bill payments,77611698,26941289521.23619
Uttar Pradesh,2020,Financial Services,743428,646227893.9942389
Uttar Pradesh,2020,Merchant payments,141987631,95390780620.95364
Uttar Pradesh,2020,Others,2991426,1428144321.8091218
Uttar Pradesh,2020,Peer-to-peer payments,208899052,799746297358.9249
Uttar Pradesh,2020,Recharge & bill payments,149042336,60067783096.63569
Uttar Pradesh,2021,Financial Services,1128237,1211323956.0939565
Uttar Pradesh,2021,Merchant payments,474400433,359692024824.3031
Uttar Pradesh,2021,Others,4414691,2465792421.354962
Uttar Pradesh,2021,Peer-to-peer payments,483916266,1752071931335.9834
Uttar Pradesh,2021,Recharge & bill payments,195290367,93990815558.37518
Uttar Pradesh,2022,Financial Services,1413064,1446407314.3393128
Uttar Pradesh,2022,Merchant payments,1321497650,910508093863.4937
Uttar Pradesh,2022,Others,4900349,2619846986.358623
Uttar Pradesh,2022,Peer-to-peer payments,1012856233,3372247858576.327
Uttar Pradesh,2022,Recharge & bill payments,268542869,161565002764.80438
Uttar Pradesh,2023,Financial Services,1618354,1844854643.0
Uttar Pradesh,2023,Merchant payments,1928629826,1085126315631.0
Uttar Pradesh,2023,Others,3200796,1976376253.0
Uttar Pradesh,2023,Peer-to-peer payments,1318936503,4029923433013.0
Uttar Pradesh,2023,Recharge & bill payments,316205291,216435724364.0
Uttarakhand,2018,Financial Services,110388,23920906.343389172
Uttarakhand,2018,Merchant payments,497951,419219339.5835902
Uttarakhand,2018,Others,190630,191507129.33051294
Uttarakhand,2018,Peer-to-peer payments,3626491,12084196638.377007
Uttarakhand,2018,Recharge & bill payments,3933240,850301901.2628231
Uttarakhand,2019,Financial Services,74340,14627847.351094332
Uttarakhand,2019,Merchant payments,3758144,1732699376.1728153
Uttarakhand,2019,Others,237708,178101003.67974252
Uttarakhand,2019,Peer-to-peer payments,11406452,33798277758.11757
Uttarakhand,2019,Recharge & bill payments,7955224,2351094416.0393248
Uttarakhand,2020,Financial Services,72844,82034215.21232125
Uttarakhand,2020,Merchant payments,13670523,8716552066.76419
Uttarakhand,2020,Others,196050,111769652.44547823
Uttarakhand,2020,Peer-to-peer payments,19033500,71698846576.1423
Uttarakhand,2020,Recharge & bill payments,14638843,5539315747.641206
Uttarakhand,2021,Financial Services,128308,163031868.23545083
Uttarakhand,2021,Merchant payments,51052119,34057550532.955452
Uttarakhand,2021,Others,329818,200403218.27727854
Uttarakhand,2021,Peer-to-peer payments,44043026,151102741880.1216
Uttarakhand,2021,Recharge & bill payments,20459127,8430884718.132399
Uttarakhand,2022,Financial Services,153947,187345254.16373277
Uttarakhand,2022,Merchant payments,132938421,80619632657.26439
Uttarakhand,2022,Others,405380,243262038.15621796
Uttarakhand,2022,Peer-to-peer payments,84953124,272696737086.45602
Uttarakhand,2022,Recharge & bill payments,26257177,13682483259.090923
Uttarakhand,2023,Financial Services,171921,224956899.0
Uttarakhand,2023,Merchant payments,172675734,85864186879.0
Uttarakhand,2023,Others,312043,192649567.0
Uttarakhand,2023,Peer-to-peer payments,89028783,267666065454.0
Uttarakhand,2023,Recharge & bill payments,26240095,16067319305.0
West Bengal,2018,Financial Services,4141061,559254607.0276451
West Bengal,2018,Merchant payments,12266820,4356510112.273611
West Bengal,2018,Others,1742561,1177449818.4779797
West Bengal,2018,Peer-to-peer payments,71705443,98507135735.14795
West Bengal,2018,Recharge & bill payments,30155750,6988365144.299765
West Bengal,2019,Financial Services,2158988,227734154.0235442
West Bengal,2019,Merchant payments,66274648,22053022635.374992
West Bengal,2019,Others,1933503,1126600302.5337863
West Bengal,2019,Peer-to-peer payments,136220653,226217637019.47006
West Bengal,2019,Recharge & bill payments,51312798,16389512503.07334
West Bengal,2020,Financial Services,671114,438482711.37904775
West Bengal,2020,Merchant payments,79681655,52357746542.411575
West Bengal,2020,Others,1451581,777619524.7892022
West Bengal,2020,Peer-to-peer payments,137306673,467266837702.72815
West Bengal,2020,Recharge & bill payments,85111304,31890897807.77478
West Bengal,2021,Financial Services,798886,846115092.5631111
West Bengal,2021,Merchant payments,217889166,185908958289.20587
West Bengal,2021,Others,2762342,1668120696.6955914
West Bengal,2021,Peer-to-peer payments,308612452,1100093150828.2612
West Bengal,2021,Recharge & bill payments,136831191,58530777145.969315
West Bengal,2022,Financial Services,938388,963279001.7474658
West Bengal,2022,Merchant payments,540845608,457288622056.8407
West Bengal,2022,Others,2856955,1879934403.5976107
West Bengal,2022,Peer-to-peer payments,618086566,2143014755707.738
West Bengal,2022,Recharge & bill payments,176159701,89380783843.27779
West Bengal,2023,Financial Services,1005007,1009325532.0
West Bengal,2023,Merchant payments,738771399,529673984653.0
West Bengal,2023,Others,1736238,1340209780.0
West Bengal,2023,Peer-to-peer payments,720897219,2340144195212.0
West Bengal,2023,Recharge & bill payments,174279358,105579180732.0
